CREATE SEQUENCE NUMLICENCIA
INCREMENT BY 1 START WITH 10000000;

CREATE SEQUENCE CODIGOCARRERA
INCREMENT BY 1 START WITH 1;

INSERT INTO JEFEESCUDERIA VALUES ('Mattia Binotto',TO_DATE('03/11/1969','DD/MM/YYYY'),'Italia',3);
INSERT INTO JEFEESCUDERIA VALUES ('Toto Wolff',TO_DATE('12/01/1972','DD/MM/YYYY'),'Alemania',7);
INSERT INTO JEFEESCUDERIA VALUES ('Zak Brown',TO_DATE('07/11/1971','DD/MM/YYYY'),'Estados Unidos',4);
INSERT INTO JEFEESCUDERIA VALUES ('Cyril Abiteboul',TO_DATE('14/10/1977','DD/MM/YYYY'),'Francia',4);
INSERT INTO JEFEESCUDERIA VALUES ('Christian Horner',TO_DATE('16/11/1973','DD/MM/YYYY'),'Gran Bretaña',14);
INSERT INTO JEFEESCUDERIA VALUES ('Franz Tost',TO_DATE('20/01/1956','DD/MM/YYYY'),'Suiza',24);
INSERT INTO ESCUDERIA VALUES ('Ferrari','Mattia Binotto','Italia',TO_DATE('23/05/1912','DD/MM/YYYY'));
INSERT INTO ESCUDERIA VALUES ('Mercedes','Toto Wolff','Alemania',TO_DATE('18/03/1834','DD/MM/YYYY'));
INSERT INTO ESCUDERIA VALUES ('McLaren','Zak Brown','Gran Bretaña',TO_DATE('21/08/1963','DD/MM/YYYY'));
INSERT INTO ESCUDERIA VALUES ('Renault','Cyril Abiteboul','Francia',TO_DATE('01/10/1898','DD/MM/YYYY'));
INSERT INTO ESCUDERIA VALUES ('Red Bull','Christian Horner','Austria',TO_DATE('20/12/2004','DD/MM/YYYY'));
INSERT INTO ESCUDERIA VALUES ('Alpha Tauri','Franz Tost','Italia',TO_DATE('02/02/2006','DD/MM/YYYY'));
INSERT INTO PILOTO VALUES (NUMLICENCIA.NEXTVAL,'Charles Leclerc','Mónaco',TO_DATE('16/10/1997','DD/MM/YYYY'));
INSERT INTO PILOTO VALUES (NUMLICENCIA.NEXTVAL,'Carlos Sainz','España',TO_DATE('01/09/1994','DD/MM/YYYY'));
INSERT INTO PILOTO VALUES (NUMLICENCIA.NEXTVAL,'Michael Schumacher','Alemania',TO_DATE('05/01/1969','DD/MM/YYYY'));
INSERT INTO PILOTO VALUES (NUMLICENCIA.NEXTVAL,'Lewis Hamilton','Gran Bretaña',TO_DATE('07/01/1985','DD/MM/YYYY'));
INSERT INTO PILOTO VALUES (NUMLICENCIA.NEXTVAL,'Fernando Alonso','España',TO_DATE('29/07/1981','DD/MM/YYYY'));
INSERT INTO PILOTO VALUES (NUMLICENCIA.NEXTVAL,'Pedro de la Rosa','España',TO_DATE('24/02/1971','DD/MM/YYYY'));
INSERT INTO PILOTO VALUES (NUMLICENCIA.NEXTVAL,'Daniel Ricciardo','Australia',TO_DATE('01/07/1989','DD/MM/YYYY'));
INSERT INTO PILOTO VALUES (NUMLICENCIA.NEXTVAL,'Sebastian Vettel','Alemania',TO_DATE('03/07/1987','DD/MM/YYYY'));
INSERT INTO PILOTO VALUES (NUMLICENCIA.NEXTVAL,'Sergio Pérez','México',TO_DATE('26/01/1990','DD/MM/YYYY'));
INSERT INTO PILOTO VALUES (NUMLICENCIA.NEXTVAL,'Max Verstappen','Países Bajos',TO_DATE('30/09/1997','DD/MM/YYYY'));
INSERT INTO PILOTO VALUES (NUMLICENCIA.NEXTVAL,'Valtteri Bottas','Finlandia',TO_DATE('28/08/1989','DD/MM/YYYY'));
INSERT INTO PILOTO VALUES (NUMLICENCIA.NEXTVAL,'Nyck de Vries','Países Bajos',TO_DATE('06/02/1995','DD/MM/YYYY'));
INSERT INTO COCHE VALUES ('SF21','Ferrari','GR1',750,685);
INSERT INTO COCHE VALUES ('SF70H','Ferrari','GR1',800,670);
INSERT INTO COCHE VALUES ('FXX','Ferrari','GR1',950,626);
INSERT INTO COCHE VALUES ('P1','McLaren','GR1',900,655);
INSERT INTO COCHE VALUES ('MCL34','McLaren','GR1',815,668);
INSERT INTO COCHE VALUES ('W09','Mercedes','GR1',775,690);
INSERT INTO COCHE VALUES ('AMG Gr3','Mercedes','GR3',1000,450);
INSERT INTO COCHE VALUES ('Megane Gr4','Renault','GR4',1500,375);
INSERT INTO COCHE VALUES ('RB16','Red Bull','GR1',760,685);
INSERT INTO CARRERA VALUES (CODIGOCARRERA.NEXTVAL, '6h Spa-Francorchamps', '2020', '6 horas', 100);
INSERT INTO PARTICIPANTE VALUES (1, 1,'SF21', 10000000);
INSERT INTO PARTICIPANTE VALUES (2, 1,'MCL34', 10000004);
INSERT INTO PARTICIPANTE VALUES (3, 1,'RB16', 10000007);
INSERT INTO PARTICIPANTE VALUES (4, 1,'W09', 10000003);

DELETE FROM PARTICIPANTE;
DELETE FROM CARRERA;
DELETE FROM COCHE;
DELETE FROM PILOTO;
DELETE FROM ESCUDERIA;
DELETE FROM JEFEESCUDERIA;

DROP SEQUENCE NUMLICENCIA;
DROP SEQUENCE CODIGOCARRERA;